"","idnum","Sitio","Pred","Real","Error","NaveDescarga","RealDisc","PredDisc"
"1",1,6,303,380,77,10,"mayor a 14 dias","entre 7 y 14 dias"
"2",2,1,714,497,217,4,"mayor a 14 dias","mayor a 14 dias"
"3",3,5,213,30,183,4,"menor a 7 dias","entre 7 y 14 dias"
"4",4,3,68,403,335,9,"mayor a 14 dias","menor a 7 dias"
"5",5,1,416,48,368,4,"menor a 7 dias","mayor a 14 dias"
"6",6,5,189,305,116,7,"entre 7 y 14 dias","entre 7 y 14 dias"
"7",7,1,330,497,167,8,"mayor a 14 dias","entre 7 y 14 dias"
"8",8,3,137,73,64,6,"menor a 7 dias","menor a 7 dias"
"9",9,5,179,169,10,8,"entre 7 y 14 dias","entre 7 y 14 dias"
"10",10,1,295,2,294,8,"menor a 7 dias","entre 7 y 14 dias"
"11",11,5,97,284,187,5,"entre 7 y 14 dias","menor a 7 dias"
"12",12,3,127,14,113,5,"menor a 7 dias","menor a 7 dias"
"13",13,4,258,24,234,5,"menor a 7 dias","entre 7 y 14 dias"
"14",14,3,272,1323,1050,16,"mayor a 14 dias","entre 7 y 14 dias"
"15",15,1,387,321,66,7,"entre 7 y 14 dias","mayor a 14 dias"
"16",16,4,554,1,552,16,"menor a 7 dias","mayor a 14 dias"
"17",17,1,249,489,240,9,"mayor a 14 dias","entre 7 y 14 dias"
"18",18,2,103,92,11,4,"menor a 7 dias","menor a 7 dias"
"19",19,3,426,189,237,9,"entre 7 y 14 dias","mayor a 14 dias"
"20",20,5,231,8,223,2,"menor a 7 dias","entre 7 y 14 dias"
"21",21,3,130,14,117,9,"menor a 7 dias","menor a 7 dias"
"22",22,6,162,340,179,2,"mayor a 14 dias","menor a 7 dias"
"23",23,1,279,937,657,7,"mayor a 14 dias","entre 7 y 14 dias"
"24",24,3,78,85,8,10,"menor a 7 dias","menor a 7 dias"
"25",25,1,305,32,273,10,"menor a 7 dias","entre 7 y 14 dias"
"26",26,3,195,324,129,6,"entre 7 y 14 dias","entre 7 y 14 dias"
"27",27,4,118,222,104,16,"entre 7 y 14 dias","menor a 7 dias"
"28",28,3,245,503,258,16,"mayor a 14 dias","entre 7 y 14 dias"
"29",29,3,173,414,242,1,"mayor a 14 dias","entre 7 y 14 dias"
"30",30,2,269,254,15,7,"entre 7 y 14 dias","entre 7 y 14 dias"
"31",31,6,412,175,237,4,"entre 7 y 14 dias","mayor a 14 dias"
"32",32,5,48,222,174,4,"entre 7 y 14 dias","menor a 7 dias"
"33",33,5,157,276,119,10,"entre 7 y 14 dias","menor a 7 dias"
"34",34,3,134,199,65,14,"entre 7 y 14 dias","menor a 7 dias"
"35",35,3,187,34,153,6,"menor a 7 dias","entre 7 y 14 dias"
"36",36,3,296,1233,937,2,"mayor a 14 dias","entre 7 y 14 dias"
"37",37,4,469,633,164,16,"mayor a 14 dias","mayor a 14 dias"
"38",38,2,163,852,689,14,"mayor a 14 dias","menor a 7 dias"
"39",39,4,236,178,58,10,"entre 7 y 14 dias","entre 7 y 14 dias"
"40",40,2,315,825,510,4,"mayor a 14 dias","entre 7 y 14 dias"
"41",41,2,340,1138,797,8,"mayor a 14 dias","mayor a 14 dias"
"42",42,3,74,619,545,9,"mayor a 14 dias","menor a 7 dias"
"43",43,6,451,471,20,4,"mayor a 14 dias","mayor a 14 dias"
"44",44,2,103,300,197,8,"entre 7 y 14 dias","menor a 7 dias"
"45",45,3,75,199,123,7,"entre 7 y 14 dias","menor a 7 dias"
"46",46,1,156,291,135,4,"entre 7 y 14 dias","menor a 7 dias"
"47",47,1,327,428,102,4,"mayor a 14 dias","entre 7 y 14 dias"
"48",48,3,417,61,356,4,"menor a 7 dias","mayor a 14 dias"
"49",49,2,146,385,238,7,"mayor a 14 dias","menor a 7 dias"
"50",50,3,178,404,226,15,"mayor a 14 dias","entre 7 y 14 dias"
"51",51,2,310,303,7,10,"entre 7 y 14 dias","entre 7 y 14 dias"
"52",52,1,752,185,567,3,"entre 7 y 14 dias","mayor a 14 dias"
"53",53,4,195,856,661,15,"mayor a 14 dias","entre 7 y 14 dias"
"54",54,2,513,68,445,10,"menor a 7 dias","mayor a 14 dias"
"55",55,6,274,145,130,10,"menor a 7 dias","entre 7 y 14 dias"
"56",56,5,565,462,103,5,"mayor a 14 dias","mayor a 14 dias"
"57",57,3,402,656,254,16,"mayor a 14 dias","mayor a 14 dias"
"58",58,5,710,185,525,6,"entre 7 y 14 dias","mayor a 14 dias"
"59",59,1,373,103,270,13,"menor a 7 dias","mayor a 14 dias"
"60",60,4,431,38,393,7,"menor a 7 dias","mayor a 14 dias"
"61",61,2,129,282,153,6,"entre 7 y 14 dias","menor a 7 dias"
"62",62,4,525,288,237,4,"entre 7 y 14 dias","mayor a 14 dias"
"63",63,6,213,34,179,13,"menor a 7 dias","entre 7 y 14 dias"
"64",64,1,273,39,235,4,"menor a 7 dias","entre 7 y 14 dias"
"65",65,5,494,44,451,11,"menor a 7 dias","mayor a 14 dias"
"66",66,1,442,137,305,16,"menor a 7 dias","mayor a 14 dias"
"67",67,1,331,439,107,8,"mayor a 14 dias","entre 7 y 14 dias"
"68",68,3,210,266,56,2,"entre 7 y 14 dias","entre 7 y 14 dias"
"69",69,1,90,515,424,13,"mayor a 14 dias","menor a 7 dias"
"70",70,6,105,342,237,4,"mayor a 14 dias","menor a 7 dias"
"71",71,3,433,849,415,10,"mayor a 14 dias","mayor a 14 dias"
"72",72,5,205,214,9,4,"entre 7 y 14 dias","entre 7 y 14 dias"
"73",73,6,185,155,30,14,"menor a 7 dias","entre 7 y 14 dias"
"74",74,6,347,162,185,7,"menor a 7 dias","mayor a 14 dias"
"75",75,2,226,537,312,16,"mayor a 14 dias","entre 7 y 14 dias"
"76",76,2,295,373,78,6,"mayor a 14 dias","entre 7 y 14 dias"
"77",77,6,196,143,52,5,"menor a 7 dias","entre 7 y 14 dias"
"78",78,3,187,236,49,1,"entre 7 y 14 dias","entre 7 y 14 dias"
"79",79,6,440,163,278,1,"menor a 7 dias","mayor a 14 dias"
"80",80,4,93,702,609,2,"mayor a 14 dias","menor a 7 dias"
"81",81,3,181,127,54,4,"menor a 7 dias","entre 7 y 14 dias"
"82",82,3,440,196,243,4,"entre 7 y 14 dias","mayor a 14 dias"
"83",83,5,385,97,287,16,"menor a 7 dias","mayor a 14 dias"
"84",84,3,153,511,358,11,"mayor a 14 dias","menor a 7 dias"
"85",85,4,282,202,80,4,"entre 7 y 14 dias","entre 7 y 14 dias"
"86",86,6,125,39,86,4,"menor a 7 dias","menor a 7 dias"
"87",87,3,243,204,38,7,"entre 7 y 14 dias","entre 7 y 14 dias"
"88",88,2,144,271,128,6,"entre 7 y 14 dias","menor a 7 dias"
"89",89,3,181,46,135,7,"menor a 7 dias","entre 7 y 14 dias"
"90",90,2,175,13,162,6,"menor a 7 dias","entre 7 y 14 dias"
"91",91,1,228,10,218,10,"menor a 7 dias","entre 7 y 14 dias"
"92",92,5,270,134,136,9,"menor a 7 dias","entre 7 y 14 dias"
"93",93,4,189,111,78,15,"menor a 7 dias","entre 7 y 14 dias"
"94",94,2,104,977,873,3,"mayor a 14 dias","menor a 7 dias"
"95",95,2,121,189,68,5,"entre 7 y 14 dias","menor a 7 dias"
"96",96,1,83,332,249,10,"entre 7 y 14 dias","menor a 7 dias"
"97",97,4,336,56,281,7,"menor a 7 dias","entre 7 y 14 dias"
"98",98,2,377,181,196,6,"entre 7 y 14 dias","mayor a 14 dias"
"99",99,3,199,100,99,7,"menor a 7 dias","entre 7 y 14 dias"
"100",100,6,299,200,99,7,"entre 7 y 14 dias","entre 7 y 14 dias"
"101",101,5,329,265,64,10,"entre 7 y 14 dias","entre 7 y 14 dias"
"102",102,1,356,71,285,10,"menor a 7 dias","mayor a 14 dias"
"103",103,3,360,315,45,16,"entre 7 y 14 dias","mayor a 14 dias"
"104",104,3,177,381,204,4,"mayor a 14 dias","entre 7 y 14 dias"
"105",105,5,498,291,208,4,"entre 7 y 14 dias","mayor a 14 dias"
"106",106,3,193,207,15,9,"entre 7 y 14 dias","entre 7 y 14 dias"
"107",107,1,426,86,340,10,"menor a 7 dias","mayor a 14 dias"
"108",108,2,227,242,14,5,"entre 7 y 14 dias","entre 7 y 14 dias"
"109",109,2,435,465,30,16,"mayor a 14 dias","mayor a 14 dias"
"110",110,1,247,275,28,4,"entre 7 y 14 dias","entre 7 y 14 dias"
"111",111,3,351,89,262,10,"menor a 7 dias","mayor a 14 dias"
"112",112,2,224,635,411,9,"mayor a 14 dias","entre 7 y 14 dias"
"113",113,4,113,348,235,6,"mayor a 14 dias","menor a 7 dias"
"114",114,2,123,175,52,6,"entre 7 y 14 dias","menor a 7 dias"
"115",115,1,223,756,533,10,"mayor a 14 dias","entre 7 y 14 dias"
"116",116,2,341,708,366,7,"mayor a 14 dias","mayor a 14 dias"
"117",117,5,426,982,556,8,"mayor a 14 dias","mayor a 14 dias"
"118",118,2,280,298,17,7,"entre 7 y 14 dias","entre 7 y 14 dias"
"119",119,1,602,139,462,5,"menor a 7 dias","mayor a 14 dias"
"120",120,4,611,227,384,5,"entre 7 y 14 dias","mayor a 14 dias"
"121",121,3,499,156,343,4,"menor a 7 dias","mayor a 14 dias"
"122",122,3,577,44,532,16,"menor a 7 dias","mayor a 14 dias"
"123",123,4,128,181,52,12,"entre 7 y 14 dias","menor a 7 dias"
"124",124,3,549,89,460,5,"menor a 7 dias","mayor a 14 dias"
"125",125,4,302,147,155,10,"menor a 7 dias","entre 7 y 14 dias"
"126",126,3,143,422,280,4,"mayor a 14 dias","menor a 7 dias"
"127",127,5,68,91,23,7,"menor a 7 dias","menor a 7 dias"
"128",128,2,582,318,264,15,"entre 7 y 14 dias","mayor a 14 dias"
"129",129,1,243,118,124,16,"menor a 7 dias","entre 7 y 14 dias"
"130",130,2,235,663,427,8,"mayor a 14 dias","entre 7 y 14 dias"
"131",131,2,299,101,197,14,"menor a 7 dias","entre 7 y 14 dias"
"132",132,6,114,206,92,6,"entre 7 y 14 dias","menor a 7 dias"
"133",133,4,153,65,87,10,"menor a 7 dias","menor a 7 dias"
"134",134,2,345,225,121,15,"entre 7 y 14 dias","mayor a 14 dias"
"135",135,3,294,432,138,1,"mayor a 14 dias","entre 7 y 14 dias"
"136",136,2,389,153,235,7,"menor a 7 dias","mayor a 14 dias"
"137",137,1,295,114,181,4,"menor a 7 dias","entre 7 y 14 dias"
"138",138,5,345,109,235,4,"menor a 7 dias","mayor a 14 dias"
"139",139,1,458,149,309,4,"menor a 7 dias","mayor a 14 dias"
"140",140,4,416,109,307,6,"menor a 7 dias","mayor a 14 dias"
"141",141,5,285,197,88,6,"entre 7 y 14 dias","entre 7 y 14 dias"
"142",142,6,177,591,414,10,"mayor a 14 dias","entre 7 y 14 dias"
"143",143,2,161,146,15,7,"menor a 7 dias","menor a 7 dias"
"144",144,2,149,64,85,1,"menor a 7 dias","menor a 7 dias"
"145",145,2,183,155,28,3,"menor a 7 dias","entre 7 y 14 dias"
"146",146,2,154,262,107,8,"entre 7 y 14 dias","menor a 7 dias"
"147",147,1,218,95,123,10,"menor a 7 dias","entre 7 y 14 dias"
"148",148,4,246,70,176,6,"menor a 7 dias","entre 7 y 14 dias"
"149",149,3,121,265,144,5,"entre 7 y 14 dias","menor a 7 dias"
"150",150,2,226,104,122,4,"menor a 7 dias","entre 7 y 14 dias"
"151",151,4,262,143,119,9,"menor a 7 dias","entre 7 y 14 dias"
"152",152,1,151,27,124,11,"menor a 7 dias","menor a 7 dias"
"153",153,5,308,161,146,5,"menor a 7 dias","entre 7 y 14 dias"
"154",154,2,987,65,922,4,"menor a 7 dias","mayor a 14 dias"
"155",155,3,459,239,221,1,"entre 7 y 14 dias","mayor a 14 dias"
"156",156,2,500,30,470,4,"menor a 7 dias","mayor a 14 dias"
"157",157,2,255,258,3,5,"entre 7 y 14 dias","entre 7 y 14 dias"
"158",158,2,267,69,198,16,"menor a 7 dias","entre 7 y 14 dias"
"159",159,3,61,1279,1218,16,"mayor a 14 dias","menor a 7 dias"
"160",160,3,572,220,352,10,"entre 7 y 14 dias","mayor a 14 dias"
"161",161,4,355,144,211,7,"menor a 7 dias","mayor a 14 dias"
"162",162,6,205,270,65,11,"entre 7 y 14 dias","entre 7 y 14 dias"
"163",163,1,278,193,85,7,"entre 7 y 14 dias","entre 7 y 14 dias"
"164",164,2,191,48,143,14,"menor a 7 dias","entre 7 y 14 dias"
"165",165,3,203,104,99,7,"menor a 7 dias","entre 7 y 14 dias"
"166",166,3,410,473,63,5,"mayor a 14 dias","mayor a 14 dias"
"167",167,1,281,22,259,4,"menor a 7 dias","entre 7 y 14 dias"
"168",168,5,429,197,232,10,"entre 7 y 14 dias","mayor a 14 dias"
"169",169,5,193,1097,904,7,"mayor a 14 dias","entre 7 y 14 dias"
"170",170,5,140,377,238,5,"mayor a 14 dias","menor a 7 dias"
"171",171,1,67,885,818,6,"mayor a 14 dias","menor a 7 dias"
"172",172,2,178,246,68,2,"entre 7 y 14 dias","entre 7 y 14 dias"
"173",173,4,494,177,317,16,"entre 7 y 14 dias","mayor a 14 dias"
"174",174,2,303,333,30,5,"entre 7 y 14 dias","entre 7 y 14 dias"
"175",175,5,118,591,472,5,"mayor a 14 dias","menor a 7 dias"
"176",176,1,141,158,17,8,"menor a 7 dias","menor a 7 dias"
"177",177,3,219,6,213,8,"menor a 7 dias","entre 7 y 14 dias"
"178",178,3,195,304,109,15,"entre 7 y 14 dias","entre 7 y 14 dias"
"179",179,4,375,15,359,4,"menor a 7 dias","mayor a 14 dias"
"180",180,2,382,2,380,5,"menor a 7 dias","mayor a 14 dias"
"181",181,2,329,279,50,5,"entre 7 y 14 dias","entre 7 y 14 dias"
"182",182,3,604,224,380,4,"entre 7 y 14 dias","mayor a 14 dias"
"183",183,2,99,11,89,4,"menor a 7 dias","menor a 7 dias"
"184",184,2,85,174,89,4,"entre 7 y 14 dias","menor a 7 dias"
"185",185,3,181,8,173,9,"menor a 7 dias","entre 7 y 14 dias"
"186",186,5,189,262,73,10,"entre 7 y 14 dias","entre 7 y 14 dias"
"187",187,1,133,127,6,15,"menor a 7 dias","menor a 7 dias"
"188",188,6,108,555,447,4,"mayor a 14 dias","menor a 7 dias"
"189",189,3,95,539,444,10,"mayor a 14 dias","menor a 7 dias"
"190",190,6,423,20,403,4,"menor a 7 dias","mayor a 14 dias"
"191",191,5,350,207,143,14,"entre 7 y 14 dias","mayor a 14 dias"
"192",192,3,161,797,636,6,"mayor a 14 dias","menor a 7 dias"
"193",193,2,289,7,282,5,"menor a 7 dias","entre 7 y 14 dias"
"194",194,6,638,39,598,6,"menor a 7 dias","mayor a 14 dias"
"195",195,3,82,46,36,5,"menor a 7 dias","menor a 7 dias"
"196",196,3,240,354,115,8,"mayor a 14 dias","entre 7 y 14 dias"
"197",197,2,204,914,710,6,"mayor a 14 dias","entre 7 y 14 dias"
"198",198,3,188,187,0,10,"entre 7 y 14 dias","entre 7 y 14 dias"
"199",199,6,180,449,270,11,"mayor a 14 dias","entre 7 y 14 dias"
"200",200,6,202,10,192,10,"menor a 7 dias","entre 7 y 14 dias"
"201",201,3,155,199,44,7,"entre 7 y 14 dias","menor a 7 dias"
"202",202,1,315,370,54,14,"mayor a 14 dias","entre 7 y 14 dias"
"203",203,3,311,524,212,8,"mayor a 14 dias","entre 7 y 14 dias"
"204",204,3,232,169,63,8,"entre 7 y 14 dias","entre 7 y 14 dias"
"205",205,3,466,16,449,10,"menor a 7 dias","mayor a 14 dias"
"206",206,4,95,203,109,16,"entre 7 y 14 dias","menor a 7 dias"
"207",207,3,168,689,521,4,"mayor a 14 dias","entre 7 y 14 dias"
"208",208,1,583,166,417,8,"menor a 7 dias","mayor a 14 dias"
"209",209,3,571,172,398,4,"entre 7 y 14 dias","mayor a 14 dias"
"210",210,2,379,212,167,12,"entre 7 y 14 dias","mayor a 14 dias"
"211",211,4,150,94,56,10,"menor a 7 dias","menor a 7 dias"
"212",212,3,242,37,205,10,"menor a 7 dias","entre 7 y 14 dias"
"213",213,2,354,687,333,10,"mayor a 14 dias","mayor a 14 dias"
"214",214,2,278,103,175,11,"menor a 7 dias","entre 7 y 14 dias"
"215",215,1,580,191,389,5,"entre 7 y 14 dias","mayor a 14 dias"
"216",216,5,88,428,340,3,"mayor a 14 dias","menor a 7 dias"
"217",217,5,254,60,193,14,"menor a 7 dias","entre 7 y 14 dias"
"218",218,3,234,554,320,1,"mayor a 14 dias","entre 7 y 14 dias"
"219",219,5,150,36,114,7,"menor a 7 dias","menor a 7 dias"
"220",220,6,294,235,58,7,"entre 7 y 14 dias","entre 7 y 14 dias"
"221",221,3,285,5,280,6,"menor a 7 dias","entre 7 y 14 dias"
"222",222,5,352,334,18,6,"entre 7 y 14 dias","mayor a 14 dias"
"223",223,1,240,335,95,3,"entre 7 y 14 dias","entre 7 y 14 dias"
"224",224,4,160,286,126,2,"entre 7 y 14 dias","menor a 7 dias"
"225",225,5,138,74,64,11,"menor a 7 dias","menor a 7 dias"
"226",226,2,301,22,279,10,"menor a 7 dias","entre 7 y 14 dias"
"227",227,3,357,86,271,8,"menor a 7 dias","mayor a 14 dias"
"228",228,3,250,164,86,3,"menor a 7 dias","entre 7 y 14 dias"
"229",229,2,379,103,276,14,"menor a 7 dias","mayor a 14 dias"
"230",230,2,508,79,429,4,"menor a 7 dias","mayor a 14 dias"
"231",231,5,331,273,59,8,"entre 7 y 14 dias","entre 7 y 14 dias"
"232",232,5,82,298,215,10,"entre 7 y 14 dias","menor a 7 dias"
"233",233,4,132,537,406,13,"mayor a 14 dias","menor a 7 dias"
"234",234,1,252,242,10,13,"entre 7 y 14 dias","entre 7 y 14 dias"
"235",235,2,66,170,104,4,"entre 7 y 14 dias","menor a 7 dias"
"236",236,3,62,818,756,4,"mayor a 14 dias","menor a 7 dias"
"237",237,1,832,60,772,16,"menor a 7 dias","mayor a 14 dias"
"238",238,1,627,700,73,9,"mayor a 14 dias","mayor a 14 dias"
"239",239,1,289,611,322,16,"mayor a 14 dias","entre 7 y 14 dias"
"240",240,1,325,205,120,7,"entre 7 y 14 dias","entre 7 y 14 dias"
"241",241,6,383,71,312,16,"menor a 7 dias","mayor a 14 dias"
"242",242,2,398,118,280,6,"menor a 7 dias","mayor a 14 dias"
"243",243,2,211,111,101,9,"menor a 7 dias","entre 7 y 14 dias"
"244",244,3,370,93,277,8,"menor a 7 dias","mayor a 14 dias"
"245",245,3,96,182,86,7,"entre 7 y 14 dias","menor a 7 dias"
"246",246,2,167,252,85,4,"entre 7 y 14 dias","menor a 7 dias"
"247",247,3,248,54,195,8,"menor a 7 dias","entre 7 y 14 dias"
"248",248,3,258,317,59,6,"entre 7 y 14 dias","entre 7 y 14 dias"
"249",249,2,446,92,354,14,"menor a 7 dias","mayor a 14 dias"
"250",250,3,190,83,107,10,"menor a 7 dias","entre 7 y 14 dias"
"251",251,5,58,470,412,8,"mayor a 14 dias","menor a 7 dias"
"252",252,2,345,582,238,6,"mayor a 14 dias","mayor a 14 dias"
"253",253,2,255,140,115,16,"menor a 7 dias","entre 7 y 14 dias"
"254",254,3,130,427,297,6,"mayor a 14 dias","menor a 7 dias"
"255",255,3,215,68,147,3,"menor a 7 dias","entre 7 y 14 dias"
"256",256,2,570,740,170,3,"mayor a 14 dias","mayor a 14 dias"
"257",257,1,480,441,39,7,"mayor a 14 dias","mayor a 14 dias"
"258",258,2,195,293,98,5,"entre 7 y 14 dias","entre 7 y 14 dias"
"259",259,5,273,283,10,7,"entre 7 y 14 dias","entre 7 y 14 dias"
"260",260,3,304,502,197,7,"mayor a 14 dias","entre 7 y 14 dias"
"261",261,3,246,595,349,16,"mayor a 14 dias","entre 7 y 14 dias"
"262",262,1,83,401,318,4,"mayor a 14 dias","menor a 7 dias"
"263",263,6,295,92,204,7,"menor a 7 dias","entre 7 y 14 dias"
"264",264,3,201,79,122,9,"menor a 7 dias","entre 7 y 14 dias"
"265",265,3,224,184,39,10,"entre 7 y 14 dias","entre 7 y 14 dias"
"266",266,1,201,116,85,6,"menor a 7 dias","entre 7 y 14 dias"
"267",267,1,481,54,427,4,"menor a 7 dias","mayor a 14 dias"
"268",268,3,254,694,440,5,"mayor a 14 dias","entre 7 y 14 dias"
"269",269,3,312,79,233,10,"menor a 7 dias","entre 7 y 14 dias"
"270",270,3,908,355,553,2,"mayor a 14 dias","mayor a 14 dias"
"271",271,4,411,167,244,5,"menor a 7 dias","mayor a 14 dias"
"272",272,2,196,84,112,7,"menor a 7 dias","entre 7 y 14 dias"
"273",273,2,347,231,116,4,"entre 7 y 14 dias","mayor a 14 dias"
"274",274,3,85,211,126,7,"entre 7 y 14 dias","menor a 7 dias"
"275",275,1,225,116,109,16,"menor a 7 dias","entre 7 y 14 dias"
"276",276,2,226,132,95,9,"menor a 7 dias","entre 7 y 14 dias"
"277",277,4,317,258,59,4,"entre 7 y 14 dias","entre 7 y 14 dias"
"278",278,5,163,27,136,4,"menor a 7 dias","menor a 7 dias"
"279",279,4,341,732,391,10,"mayor a 14 dias","mayor a 14 dias"
"280",280,3,519,948,430,8,"mayor a 14 dias","mayor a 14 dias"
"281",281,2,154,327,173,9,"entre 7 y 14 dias","menor a 7 dias"
"282",282,2,180,348,168,5,"mayor a 14 dias","entre 7 y 14 dias"
"283",283,4,671,95,576,9,"menor a 7 dias","mayor a 14 dias"
"284",284,3,106,275,169,1,"entre 7 y 14 dias","menor a 7 dias"
"285",285,5,153,688,535,3,"mayor a 14 dias","menor a 7 dias"
"286",286,3,335,262,73,10,"entre 7 y 14 dias","entre 7 y 14 dias"
"287",287,2,120,0,120,16,"menor a 7 dias","menor a 7 dias"
"288",288,2,270,238,32,5,"entre 7 y 14 dias","entre 7 y 14 dias"
"289",289,2,404,210,193,12,"entre 7 y 14 dias","mayor a 14 dias"
"290",290,2,213,147,66,4,"menor a 7 dias","entre 7 y 14 dias"
"291",291,1,423,273,150,10,"entre 7 y 14 dias","mayor a 14 dias"
"292",292,3,459,68,391,13,"menor a 7 dias","mayor a 14 dias"
"293",293,3,540,360,180,16,"mayor a 14 dias","mayor a 14 dias"
"294",294,3,405,47,358,16,"menor a 7 dias","mayor a 14 dias"
"295",295,1,224,417,193,4,"mayor a 14 dias","entre 7 y 14 dias"
"296",296,3,300,304,4,13,"entre 7 y 14 dias","entre 7 y 14 dias"
"297",297,6,295,333,38,8,"entre 7 y 14 dias","entre 7 y 14 dias"
"298",298,2,295,72,222,6,"menor a 7 dias","entre 7 y 14 dias"
"299",299,4,104,857,753,8,"mayor a 14 dias","menor a 7 dias"
"300",300,1,277,388,111,9,"mayor a 14 dias","entre 7 y 14 dias"
"301",301,3,524,413,110,10,"mayor a 14 dias","mayor a 14 dias"
"302",302,4,257,280,23,5,"entre 7 y 14 dias","entre 7 y 14 dias"
"303",303,5,236,354,118,8,"mayor a 14 dias","entre 7 y 14 dias"
"304",304,3,111,257,147,15,"entre 7 y 14 dias","menor a 7 dias"
"305",305,1,274,193,82,4,"entre 7 y 14 dias","entre 7 y 14 dias"
"306",306,2,149,175,26,4,"entre 7 y 14 dias","menor a 7 dias"
"307",307,4,217,436,219,16,"mayor a 14 dias","entre 7 y 14 dias"
"308",308,6,225,4,221,7,"menor a 7 dias","entre 7 y 14 dias"
"309",309,3,414,91,323,6,"menor a 7 dias","mayor a 14 dias"
"310",310,1,310,247,63,16,"entre 7 y 14 dias","entre 7 y 14 dias"
"311",311,3,281,113,168,9,"menor a 7 dias","entre 7 y 14 dias"
"312",312,4,295,696,402,16,"mayor a 14 dias","entre 7 y 14 dias"
"313",313,3,200,23,177,1,"menor a 7 dias","entre 7 y 14 dias"
"314",314,2,229,51,178,8,"menor a 7 dias","entre 7 y 14 dias"
"315",315,3,290,313,23,14,"entre 7 y 14 dias","entre 7 y 14 dias"
"316",316,2,388,22,366,10,"menor a 7 dias","mayor a 14 dias"
"317",317,3,280,641,361,6,"mayor a 14 dias","entre 7 y 14 dias"
"318",318,3,147,376,229,8,"mayor a 14 dias","menor a 7 dias"
"319",319,4,220,927,708,10,"mayor a 14 dias","entre 7 y 14 dias"
"320",320,3,129,165,36,6,"menor a 7 dias","menor a 7 dias"
"321",321,3,628,401,227,4,"mayor a 14 dias","mayor a 14 dias"
"322",322,2,139,18,121,16,"menor a 7 dias","menor a 7 dias"
"323",323,3,368,162,206,7,"menor a 7 dias","mayor a 14 dias"
"324",324,2,560,93,467,3,"menor a 7 dias","mayor a 14 dias"
"325",325,4,182,821,638,8,"mayor a 14 dias","entre 7 y 14 dias"
"326",326,3,220,651,432,4,"mayor a 14 dias","entre 7 y 14 dias"
"327",327,1,203,61,142,15,"menor a 7 dias","entre 7 y 14 dias"
"328",328,4,109,711,601,9,"mayor a 14 dias","menor a 7 dias"
"329",329,2,126,725,599,16,"mayor a 14 dias","menor a 7 dias"
"330",330,2,239,263,24,9,"entre 7 y 14 dias","entre 7 y 14 dias"
"331",331,3,118,706,587,10,"mayor a 14 dias","menor a 7 dias"
"332",332,1,178,274,96,16,"entre 7 y 14 dias","entre 7 y 14 dias"
"333",333,1,325,247,78,8,"entre 7 y 14 dias","entre 7 y 14 dias"
"334",334,2,414,213,201,14,"entre 7 y 14 dias","mayor a 14 dias"
"335",335,1,385,87,299,9,"menor a 7 dias","mayor a 14 dias"
"336",336,5,431,149,282,8,"menor a 7 dias","mayor a 14 dias"
"337",337,2,136,224,88,11,"entre 7 y 14 dias","menor a 7 dias"
"338",338,2,314,110,205,10,"menor a 7 dias","entre 7 y 14 dias"
"339",339,2,228,420,192,16,"mayor a 14 dias","entre 7 y 14 dias"
"340",340,1,212,28,183,10,"menor a 7 dias","entre 7 y 14 dias"
"341",341,4,296,84,211,1,"menor a 7 dias","entre 7 y 14 dias"
"342",342,1,147,176,30,12,"entre 7 y 14 dias","menor a 7 dias"
"343",343,1,588,249,339,5,"entre 7 y 14 dias","mayor a 14 dias"
"344",344,5,341,551,210,4,"mayor a 14 dias","mayor a 14 dias"
"345",345,5,596,137,458,10,"menor a 7 dias","mayor a 14 dias"
"346",346,1,183,191,8,8,"entre 7 y 14 dias","entre 7 y 14 dias"
"347",347,5,774,62,712,1,"menor a 7 dias","mayor a 14 dias"
"348",348,3,182,250,68,16,"entre 7 y 14 dias","entre 7 y 14 dias"
"349",349,3,327,20,306,12,"menor a 7 dias","entre 7 y 14 dias"
"350",350,1,569,171,398,7,"entre 7 y 14 dias","mayor a 14 dias"
"351",351,2,556,64,492,10,"menor a 7 dias","mayor a 14 dias"
"352",352,1,403,306,97,5,"entre 7 y 14 dias","mayor a 14 dias"
"353",353,3,568,694,125,5,"mayor a 14 dias","mayor a 14 dias"
"354",354,2,189,261,72,9,"entre 7 y 14 dias","entre 7 y 14 dias"
"355",355,3,92,55,37,7,"menor a 7 dias","menor a 7 dias"
"356",356,2,118,126,8,1,"menor a 7 dias","menor a 7 dias"
"357",357,6,230,24,206,6,"menor a 7 dias","entre 7 y 14 dias"
"358",358,3,208,293,85,4,"entre 7 y 14 dias","entre 7 y 14 dias"
"359",359,4,221,105,116,8,"menor a 7 dias","entre 7 y 14 dias"
"360",360,2,138,14,124,5,"menor a 7 dias","menor a 7 dias"
"361",361,2,218,236,19,2,"entre 7 y 14 dias","entre 7 y 14 dias"
"362",362,1,279,83,197,6,"menor a 7 dias","entre 7 y 14 dias"
"363",363,4,314,11,303,12,"menor a 7 dias","entre 7 y 14 dias"
"364",364,5,529,49,480,9,"menor a 7 dias","mayor a 14 dias"
"365",365,6,463,6,457,4,"menor a 7 dias","mayor a 14 dias"
"366",366,3,242,140,102,6,"menor a 7 dias","entre 7 y 14 dias"
"367",367,1,83,506,423,16,"mayor a 14 dias","menor a 7 dias"
"368",368,3,238,346,108,1,"mayor a 14 dias","entre 7 y 14 dias"
"369",369,3,130,14,116,16,"menor a 7 dias","menor a 7 dias"
"370",370,3,72,134,62,14,"menor a 7 dias","menor a 7 dias"
"371",371,5,652,128,524,10,"menor a 7 dias","mayor a 14 dias"
"372",372,1,365,1129,764,6,"mayor a 14 dias","mayor a 14 dias"
"373",373,5,257,253,4,8,"entre 7 y 14 dias","entre 7 y 14 dias"
"374",374,3,497,288,209,10,"entre 7 y 14 dias","mayor a 14 dias"
"375",375,2,115,242,126,10,"entre 7 y 14 dias","menor a 7 dias"
"376",376,5,252,230,22,9,"entre 7 y 14 dias","entre 7 y 14 dias"
"377",377,1,685,489,196,6,"mayor a 14 dias","mayor a 14 dias"
"378",378,6,144,208,64,4,"entre 7 y 14 dias","menor a 7 dias"
"379",379,3,203,32,172,8,"menor a 7 dias","entre 7 y 14 dias"
"380",380,5,344,163,181,11,"menor a 7 dias","mayor a 14 dias"
"381",381,1,271,8,262,16,"menor a 7 dias","entre 7 y 14 dias"
"382",382,3,304,106,198,4,"menor a 7 dias","entre 7 y 14 dias"
"383",383,3,216,360,144,16,"mayor a 14 dias","entre 7 y 14 dias"
"384",384,4,250,280,30,10,"entre 7 y 14 dias","entre 7 y 14 dias"
"385",385,1,34,222,187,6,"entre 7 y 14 dias","menor a 7 dias"
"386",386,4,186,162,24,1,"menor a 7 dias","entre 7 y 14 dias"
"387",387,2,155,536,381,9,"mayor a 14 dias","menor a 7 dias"
"388",388,1,282,394,112,4,"mayor a 14 dias","entre 7 y 14 dias"
"389",389,6,1160,228,932,3,"entre 7 y 14 dias","mayor a 14 dias"
"390",390,5,426,111,315,10,"menor a 7 dias","mayor a 14 dias"
"391",391,3,341,236,106,13,"entre 7 y 14 dias","mayor a 14 dias"
"392",392,1,110,172,62,15,"entre 7 y 14 dias","menor a 7 dias"
"393",393,3,191,53,138,6,"menor a 7 dias","entre 7 y 14 dias"
"394",394,3,554,358,197,10,"mayor a 14 dias","mayor a 14 dias"
"395",395,1,317,821,504,6,"mayor a 14 dias","entre 7 y 14 dias"
"396",396,1,184,392,208,10,"mayor a 14 dias","entre 7 y 14 dias"
"397",397,3,150,110,40,1,"menor a 7 dias","menor a 7 dias"
"398",398,3,168,380,212,11,"mayor a 14 dias","entre 7 y 14 dias"
"399",399,5,345,275,70,4,"entre 7 y 14 dias","mayor a 14 dias"
"400",400,2,231,32,198,16,"menor a 7 dias","entre 7 y 14 dias"
"401",401,2,217,22,195,16,"menor a 7 dias","entre 7 y 14 dias"
"402",402,1,450,72,378,7,"menor a 7 dias","mayor a 14 dias"
"403",403,3,298,120,178,16,"menor a 7 dias","entre 7 y 14 dias"
"404",404,2,436,458,22,16,"mayor a 14 dias","mayor a 14 dias"
"405",405,6,178,207,29,4,"entre 7 y 14 dias","entre 7 y 14 dias"
"406",406,1,469,526,57,16,"mayor a 14 dias","mayor a 14 dias"
"407",407,2,25,586,562,14,"mayor a 14 dias","menor a 7 dias"
"408",408,2,310,555,244,9,"mayor a 14 dias","entre 7 y 14 dias"
"409",409,1,123,713,590,10,"mayor a 14 dias","menor a 7 dias"
"410",410,2,747,680,67,2,"mayor a 14 dias","mayor a 14 dias"
"411",411,2,598,1,597,14,"menor a 7 dias","mayor a 14 dias"
"412",412,2,466,139,326,5,"menor a 7 dias","mayor a 14 dias"
"413",413,5,375,474,99,9,"mayor a 14 dias","mayor a 14 dias"
"414",414,5,322,138,184,13,"menor a 7 dias","entre 7 y 14 dias"
"415",415,6,287,12,275,7,"menor a 7 dias","entre 7 y 14 dias"
"416",416,3,497,78,419,4,"menor a 7 dias","mayor a 14 dias"
"417",417,1,312,25,287,5,"menor a 7 dias","entre 7 y 14 dias"
"418",418,4,407,209,198,10,"entre 7 y 14 dias","mayor a 14 dias"
"419",419,6,561,71,490,5,"menor a 7 dias","mayor a 14 dias"
"420",420,6,140,8,132,5,"menor a 7 dias","menor a 7 dias"
"421",421,5,518,272,246,4,"entre 7 y 14 dias","mayor a 14 dias"
"422",422,5,311,896,585,5,"mayor a 14 dias","entre 7 y 14 dias"
"423",423,4,79,52,27,7,"menor a 7 dias","menor a 7 dias"
"424",424,2,353,2,351,11,"menor a 7 dias","mayor a 14 dias"
"425",425,5,206,74,132,8,"menor a 7 dias","entre 7 y 14 dias"
"426",426,4,233,297,64,11,"entre 7 y 14 dias","entre 7 y 14 dias"
"427",427,3,176,78,98,5,"menor a 7 dias","entre 7 y 14 dias"
"428",428,3,418,139,279,8,"menor a 7 dias","mayor a 14 dias"
"429",429,4,141,222,81,8,"entre 7 y 14 dias","menor a 7 dias"
"430",430,2,245,422,178,5,"mayor a 14 dias","entre 7 y 14 dias"
"431",431,3,190,370,179,10,"mayor a 14 dias","entre 7 y 14 dias"
"432",432,5,610,442,168,10,"mayor a 14 dias","mayor a 14 dias"
"433",433,1,335,134,202,4,"menor a 7 dias","entre 7 y 14 dias"
"434",434,2,304,393,89,12,"mayor a 14 dias","entre 7 y 14 dias"
"435",435,3,447,165,282,4,"menor a 7 dias","mayor a 14 dias"
"436",436,6,171,270,99,4,"entre 7 y 14 dias","entre 7 y 14 dias"
"437",437,1,304,5,299,3,"menor a 7 dias","entre 7 y 14 dias"
"438",438,2,172,589,417,10,"mayor a 14 dias","entre 7 y 14 dias"
"439",439,6,158,10,148,7,"menor a 7 dias","menor a 7 dias"
"440",440,1,175,376,201,1,"mayor a 14 dias","entre 7 y 14 dias"
"441",441,5,214,37,177,9,"menor a 7 dias","entre 7 y 14 dias"
"442",442,2,323,590,267,16,"mayor a 14 dias","entre 7 y 14 dias"
"443",443,3,177,1351,1173,10,"mayor a 14 dias","entre 7 y 14 dias"
"444",444,3,460,500,39,6,"mayor a 14 dias","mayor a 14 dias"
"445",445,2,452,460,8,16,"mayor a 14 dias","mayor a 14 dias"
"446",446,3,275,726,452,8,"mayor a 14 dias","entre 7 y 14 dias"
"447",447,6,194,721,527,10,"mayor a 14 dias","entre 7 y 14 dias"
"448",448,2,60,225,165,13,"entre 7 y 14 dias","menor a 7 dias"
"449",449,3,113,159,46,4,"menor a 7 dias","menor a 7 dias"
"450",450,3,333,137,196,8,"menor a 7 dias","entre 7 y 14 dias"
"451",451,1,68,9,58,4,"menor a 7 dias","menor a 7 dias"
"452",452,5,491,118,373,3,"menor a 7 dias","mayor a 14 dias"
"453",453,3,234,666,432,4,"mayor a 14 dias","entre 7 y 14 dias"
"454",454,2,165,128,38,14,"menor a 7 dias","menor a 7 dias"
"455",455,5,174,463,288,3,"mayor a 14 dias","entre 7 y 14 dias"
"456",456,2,159,182,22,16,"entre 7 y 14 dias","menor a 7 dias"
"457",457,2,181,60,121,7,"menor a 7 dias","entre 7 y 14 dias"
"458",458,3,252,99,153,9,"menor a 7 dias","entre 7 y 14 dias"
"459",459,2,169,179,10,6,"entre 7 y 14 dias","entre 7 y 14 dias"
"460",460,6,216,555,339,14,"mayor a 14 dias","entre 7 y 14 dias"
"461",461,4,345,192,153,8,"entre 7 y 14 dias","mayor a 14 dias"
"462",462,3,246,270,24,4,"entre 7 y 14 dias","entre 7 y 14 dias"
"463",463,4,273,237,35,8,"entre 7 y 14 dias","entre 7 y 14 dias"
"464",464,3,254,103,151,4,"menor a 7 dias","entre 7 y 14 dias"
"465",465,3,787,15,772,5,"menor a 7 dias","mayor a 14 dias"
"466",466,6,264,336,72,1,"entre 7 y 14 dias","entre 7 y 14 dias"
"467",467,1,748,111,637,6,"menor a 7 dias","mayor a 14 dias"
"468",468,5,367,699,332,10,"mayor a 14 dias","mayor a 14 dias"
"469",469,3,88,41,47,8,"menor a 7 dias","menor a 7 dias"
"470",470,1,513,362,151,4,"mayor a 14 dias","mayor a 14 dias"
"471",471,6,530,75,456,16,"menor a 7 dias","mayor a 14 dias"
"472",472,6,628,414,215,4,"mayor a 14 dias","mayor a 14 dias"
"473",473,1,226,134,92,16,"menor a 7 dias","entre 7 y 14 dias"
"474",474,2,270,725,456,16,"mayor a 14 dias","entre 7 y 14 dias"
"475",475,3,374,118,256,4,"menor a 7 dias","mayor a 14 dias"
"476",476,2,174,391,217,12,"mayor a 14 dias","entre 7 y 14 dias"
"477",477,2,391,454,63,4,"mayor a 14 dias","mayor a 14 dias"
"478",478,6,442,429,13,6,"mayor a 14 dias","mayor a 14 dias"
"479",479,1,118,82,37,16,"menor a 7 dias","menor a 7 dias"
"480",480,1,111,50,61,14,"menor a 7 dias","menor a 7 dias"
"481",481,6,411,364,47,10,"mayor a 14 dias","mayor a 14 dias"
"482",482,4,25,753,728,10,"mayor a 14 dias","menor a 7 dias"
"483",483,6,192,100,92,4,"menor a 7 dias","entre 7 y 14 dias"
"484",484,2,119,413,294,15,"mayor a 14 dias","menor a 7 dias"
"485",485,2,85,259,174,8,"entre 7 y 14 dias","menor a 7 dias"
"486",486,5,159,401,241,16,"mayor a 14 dias","menor a 7 dias"
"487",487,2,269,603,334,9,"mayor a 14 dias","entre 7 y 14 dias"
"488",488,5,389,163,226,8,"menor a 7 dias","mayor a 14 dias"
"489",489,6,222,73,148,5,"menor a 7 dias","entre 7 y 14 dias"
"490",490,2,268,164,104,6,"menor a 7 dias","entre 7 y 14 dias"
"491",491,2,160,92,68,14,"menor a 7 dias","menor a 7 dias"
"492",492,2,512,40,472,16,"menor a 7 dias","mayor a 14 dias"
"493",493,3,243,119,124,12,"menor a 7 dias","entre 7 y 14 dias"
"494",494,3,427,48,379,10,"menor a 7 dias","mayor a 14 dias"
"495",495,6,200,537,337,3,"mayor a 14 dias","entre 7 y 14 dias"
"496",496,2,486,52,434,16,"menor a 7 dias","mayor a 14 dias"
"497",497,5,16,215,198,7,"entre 7 y 14 dias","menor a 7 dias"
"498",498,1,209,45,165,3,"menor a 7 dias","entre 7 y 14 dias"
"499",499,3,433,579,146,14,"mayor a 14 dias","mayor a 14 dias"
"500",500,2,640,4,635,16,"menor a 7 dias","mayor a 14 dias"
"501",501,2,201,809,608,7,"mayor a 14 dias","entre 7 y 14 dias"
"502",502,2,399,358,40,1,"mayor a 14 dias","mayor a 14 dias"
"503",503,1,164,293,129,4,"entre 7 y 14 dias","menor a 7 dias"
"504",504,4,516,82,434,9,"menor a 7 dias","mayor a 14 dias"
"505",505,1,495,229,266,16,"entre 7 y 14 dias","mayor a 14 dias"
"506",506,1,189,215,26,9,"entre 7 y 14 dias","entre 7 y 14 dias"
"507",507,3,183,209,26,1,"entre 7 y 14 dias","entre 7 y 14 dias"
"508",508,4,191,215,24,1,"entre 7 y 14 dias","entre 7 y 14 dias"
"509",509,4,183,397,214,10,"mayor a 14 dias","entre 7 y 14 dias"
"510",510,3,48,206,158,12,"entre 7 y 14 dias","menor a 7 dias"
"511",511,4,256,44,212,10,"menor a 7 dias","entre 7 y 14 dias"
"512",512,1,104,429,325,1,"mayor a 14 dias","menor a 7 dias"
"513",513,4,214,43,170,16,"menor a 7 dias","entre 7 y 14 dias"
"514",514,5,139,114,25,4,"menor a 7 dias","menor a 7 dias"
"515",515,3,484,3,481,4,"menor a 7 dias","mayor a 14 dias"
"516",516,6,60,234,174,6,"entre 7 y 14 dias","menor a 7 dias"
"517",517,3,484,52,432,3,"menor a 7 dias","mayor a 14 dias"
"518",518,5,54,675,622,8,"mayor a 14 dias","menor a 7 dias"
"519",519,2,241,1735,1494,4,"mayor a 14 dias","entre 7 y 14 dias"
"520",520,2,105,17,88,10,"menor a 7 dias","menor a 7 dias"
"521",521,3,563,777,214,11,"mayor a 14 dias","mayor a 14 dias"
"522",522,2,251,498,247,7,"mayor a 14 dias","entre 7 y 14 dias"
"523",523,3,650,234,416,8,"entre 7 y 14 dias","mayor a 14 dias"
"524",524,3,288,55,233,4,"menor a 7 dias","entre 7 y 14 dias"
"525",525,2,940,268,671,3,"entre 7 y 14 dias","mayor a 14 dias"
"526",526,3,273,165,109,5,"menor a 7 dias","entre 7 y 14 dias"
"527",527,5,119,670,551,9,"mayor a 14 dias","menor a 7 dias"
"528",528,3,424,469,45,4,"mayor a 14 dias","mayor a 14 dias"
"529",529,6,170,436,266,12,"mayor a 14 dias","entre 7 y 14 dias"
"530",530,3,191,37,154,10,"menor a 7 dias","entre 7 y 14 dias"
"531",531,2,90,1155,1065,16,"mayor a 14 dias","menor a 7 dias"
"532",532,2,164,64,100,16,"menor a 7 dias","menor a 7 dias"
"533",533,2,275,15,260,10,"menor a 7 dias","entre 7 y 14 dias"
"534",534,3,85,381,295,7,"mayor a 14 dias","menor a 7 dias"
"535",535,6,245,64,181,16,"menor a 7 dias","entre 7 y 14 dias"
"536",536,1,714,118,596,8,"menor a 7 dias","mayor a 14 dias"
"537",537,3,143,185,42,7,"entre 7 y 14 dias","menor a 7 dias"
"538",538,3,301,102,199,5,"menor a 7 dias","entre 7 y 14 dias"
"539",539,4,294,252,42,1,"entre 7 y 14 dias","entre 7 y 14 dias"
"540",540,6,569,191,378,6,"entre 7 y 14 dias","mayor a 14 dias"
"541",541,3,226,129,97,15,"menor a 7 dias","entre 7 y 14 dias"
"542",542,3,502,55,446,1,"menor a 7 dias","mayor a 14 dias"
"543",543,2,87,247,160,9,"entre 7 y 14 dias","menor a 7 dias"
"544",544,3,370,498,128,7,"mayor a 14 dias","mayor a 14 dias"
"545",545,5,275,359,84,16,"mayor a 14 dias","entre 7 y 14 dias"
"546",546,6,280,32,248,16,"menor a 7 dias","entre 7 y 14 dias"
"547",547,6,412,318,94,5,"entre 7 y 14 dias","mayor a 14 dias"
"548",548,6,125,192,67,4,"entre 7 y 14 dias","menor a 7 dias"
"549",549,6,542,235,307,10,"entre 7 y 14 dias","mayor a 14 dias"
"550",550,2,341,139,202,8,"menor a 7 dias","mayor a 14 dias"
"551",551,1,185,345,160,10,"mayor a 14 dias","entre 7 y 14 dias"
"552",552,1,340,32,308,9,"menor a 7 dias","mayor a 14 dias"
"553",553,3,240,133,107,6,"menor a 7 dias","entre 7 y 14 dias"
"554",554,3,214,154,60,3,"menor a 7 dias","entre 7 y 14 dias"
"555",555,2,116,106,9,16,"menor a 7 dias","menor a 7 dias"
"556",556,3,150,16,134,6,"menor a 7 dias","menor a 7 dias"
"557",557,4,335,70,265,15,"menor a 7 dias","entre 7 y 14 dias"
"558",558,3,330,212,119,5,"entre 7 y 14 dias","entre 7 y 14 dias"
"559",559,3,28,553,525,7,"mayor a 14 dias","menor a 7 dias"
"560",560,4,1288,246,1041,5,"entre 7 y 14 dias","mayor a 14 dias"
"561",561,5,180,369,190,4,"mayor a 14 dias","entre 7 y 14 dias"
"562",562,2,147,231,84,13,"entre 7 y 14 dias","menor a 7 dias"
"563",563,6,176,85,91,16,"menor a 7 dias","entre 7 y 14 dias"
"564",564,5,166,93,73,9,"menor a 7 dias","menor a 7 dias"
"565",565,3,265,108,157,8,"menor a 7 dias","entre 7 y 14 dias"
"566",566,3,153,146,7,8,"menor a 7 dias","menor a 7 dias"
"567",567,5,157,817,660,5,"mayor a 14 dias","menor a 7 dias"
"568",568,6,205,22,183,10,"menor a 7 dias","entre 7 y 14 dias"
"569",569,4,361,115,247,10,"menor a 7 dias","mayor a 14 dias"
"570",570,2,397,51,346,4,"menor a 7 dias","mayor a 14 dias"
"571",571,1,246,368,122,10,"mayor a 14 dias","entre 7 y 14 dias"
"572",572,6,432,182,250,7,"entre 7 y 14 dias","mayor a 14 dias"
"573",573,2,271,264,7,12,"entre 7 y 14 dias","entre 7 y 14 dias"
"574",574,2,332,90,241,7,"menor a 7 dias","entre 7 y 14 dias"
"575",575,1,261,534,274,7,"mayor a 14 dias","entre 7 y 14 dias"
"576",576,2,281,660,380,6,"mayor a 14 dias","entre 7 y 14 dias"
"577",577,1,241,55,186,9,"menor a 7 dias","entre 7 y 14 dias"
"578",578,6,517,244,273,11,"entre 7 y 14 dias","mayor a 14 dias"
"579",579,1,119,152,33,8,"menor a 7 dias","menor a 7 dias"
"580",580,2,324,416,92,4,"mayor a 14 dias","entre 7 y 14 dias"
"581",581,2,247,25,222,7,"menor a 7 dias","entre 7 y 14 dias"
"582",582,2,257,291,34,1,"entre 7 y 14 dias","entre 7 y 14 dias"
"583",583,2,199,272,73,8,"entre 7 y 14 dias","entre 7 y 14 dias"
"584",584,2,277,386,109,16,"mayor a 14 dias","entre 7 y 14 dias"
"585",585,3,284,505,220,7,"mayor a 14 dias","entre 7 y 14 dias"
"586",586,5,8,173,165,1,"entre 7 y 14 dias","menor a 7 dias"
"587",587,2,300,117,183,9,"menor a 7 dias","entre 7 y 14 dias"
"588",588,5,155,849,694,8,"mayor a 14 dias","menor a 7 dias"
"589",589,1,253,229,24,16,"entre 7 y 14 dias","entre 7 y 14 dias"
"590",590,3,481,237,244,3,"entre 7 y 14 dias","mayor a 14 dias"
"591",591,3,240,4,236,16,"menor a 7 dias","entre 7 y 14 dias"
"592",592,1,267,514,247,14,"mayor a 14 dias","entre 7 y 14 dias"
"593",593,1,188,403,215,4,"mayor a 14 dias","entre 7 y 14 dias"
"594",594,1,367,499,133,4,"mayor a 14 dias","mayor a 14 dias"
"595",595,5,253,218,35,4,"entre 7 y 14 dias","entre 7 y 14 dias"
"596",596,2,107,57,50,8,"menor a 7 dias","menor a 7 dias"
"597",597,3,143,101,42,8,"menor a 7 dias","menor a 7 dias"
"598",598,1,395,121,273,4,"menor a 7 dias","mayor a 14 dias"
"599",599,2,240,250,11,10,"entre 7 y 14 dias","entre 7 y 14 dias"
"600",600,3,564,263,302,7,"entre 7 y 14 dias","mayor a 14 dias"
"601",601,5,262,63,199,1,"menor a 7 dias","entre 7 y 14 dias"
"602",602,2,102,548,446,4,"mayor a 14 dias","menor a 7 dias"
"603",603,1,172,164,8,4,"menor a 7 dias","entre 7 y 14 dias"
"604",604,6,465,323,142,14,"entre 7 y 14 dias","mayor a 14 dias"
"605",605,2,202,472,270,4,"mayor a 14 dias","entre 7 y 14 dias"
"606",606,4,285,252,33,10,"entre 7 y 14 dias","entre 7 y 14 dias"
"607",607,2,103,225,122,16,"entre 7 y 14 dias","menor a 7 dias"
"608",608,3,204,62,142,8,"menor a 7 dias","entre 7 y 14 dias"
"609",609,1,277,416,139,13,"mayor a 14 dias","entre 7 y 14 dias"
"610",610,2,325,212,113,4,"entre 7 y 14 dias","entre 7 y 14 dias"
"611",611,2,119,1219,1100,6,"mayor a 14 dias","menor a 7 dias"
"612",612,3,286,210,76,7,"entre 7 y 14 dias","entre 7 y 14 dias"
"613",613,3,514,62,452,14,"menor a 7 dias","mayor a 14 dias"
"614",614,1,297,566,269,7,"mayor a 14 dias","entre 7 y 14 dias"
"615",615,1,49,384,335,7,"mayor a 14 dias","menor a 7 dias"
"616",616,3,301,375,74,16,"mayor a 14 dias","entre 7 y 14 dias"
"617",617,2,198,485,287,15,"mayor a 14 dias","entre 7 y 14 dias"
"618",618,1,211,52,159,4,"menor a 7 dias","entre 7 y 14 dias"
"619",619,2,343,210,133,4,"entre 7 y 14 dias","mayor a 14 dias"
"620",620,2,216,57,159,8,"menor a 7 dias","entre 7 y 14 dias"
"621",621,3,308,471,163,6,"mayor a 14 dias","entre 7 y 14 dias"
"622",622,4,255,201,54,10,"entre 7 y 14 dias","entre 7 y 14 dias"
"623",623,5,280,40,240,16,"menor a 7 dias","entre 7 y 14 dias"
"624",624,1,174,169,4,4,"entre 7 y 14 dias","entre 7 y 14 dias"
"625",625,3,251,19,232,15,"menor a 7 dias","entre 7 y 14 dias"
"626",626,6,80,72,9,7,"menor a 7 dias","menor a 7 dias"
"627",627,1,492,703,211,8,"mayor a 14 dias","mayor a 14 dias"
"628",628,5,135,137,2,2,"menor a 7 dias","menor a 7 dias"
"629",629,6,422,767,345,8,"mayor a 14 dias","mayor a 14 dias"
"630",630,4,449,776,327,14,"mayor a 14 dias","mayor a 14 dias"
"631",631,3,67,8,59,16,"menor a 7 dias","menor a 7 dias"
"632",632,1,511,222,289,10,"entre 7 y 14 dias","mayor a 14 dias"
"633",633,3,122,217,95,4,"entre 7 y 14 dias","menor a 7 dias"
"634",634,2,204,133,70,9,"menor a 7 dias","entre 7 y 14 dias"
"635",635,6,321,182,138,6,"entre 7 y 14 dias","entre 7 y 14 dias"
"636",636,2,168,70,98,1,"menor a 7 dias","entre 7 y 14 dias"
"637",637,5,259,220,39,15,"entre 7 y 14 dias","entre 7 y 14 dias"
"638",638,3,138,481,343,7,"mayor a 14 dias","menor a 7 dias"
"639",639,1,187,420,233,8,"mayor a 14 dias","entre 7 y 14 dias"
"640",640,3,245,382,138,4,"mayor a 14 dias","entre 7 y 14 dias"
"641",641,3,129,206,77,16,"entre 7 y 14 dias","menor a 7 dias"
"642",642,1,464,253,211,10,"entre 7 y 14 dias","mayor a 14 dias"
"643",643,4,327,757,431,10,"mayor a 14 dias","entre 7 y 14 dias"
"644",644,2,160,3,156,7,"menor a 7 dias","menor a 7 dias"
"645",645,4,588,792,204,14,"mayor a 14 dias","mayor a 14 dias"
"646",646,5,262,69,192,2,"menor a 7 dias","entre 7 y 14 dias"
"647",647,1,349,697,348,4,"mayor a 14 dias","mayor a 14 dias"
"648",648,3,606,366,240,8,"mayor a 14 dias","mayor a 14 dias"
"649",649,3,159,493,334,7,"mayor a 14 dias","menor a 7 dias"
"650",650,2,105,8,97,6,"menor a 7 dias","menor a 7 dias"
"651",651,6,387,80,307,15,"menor a 7 dias","mayor a 14 dias"
"652",652,3,408,65,343,10,"menor a 7 dias","mayor a 14 dias"
"653",653,3,130,463,333,7,"mayor a 14 dias","menor a 7 dias"
"654",654,1,89,1,88,16,"menor a 7 dias","menor a 7 dias"
"655",655,6,270,302,32,16,"entre 7 y 14 dias","entre 7 y 14 dias"
"656",656,1,135,241,107,7,"entre 7 y 14 dias","menor a 7 dias"
"657",657,4,717,26,692,6,"menor a 7 dias","mayor a 14 dias"
"658",658,4,121,225,104,7,"entre 7 y 14 dias","menor a 7 dias"
"659",659,3,500,230,270,4,"entre 7 y 14 dias","mayor a 14 dias"
"660",660,3,73,673,600,12,"mayor a 14 dias","menor a 7 dias"
"661",661,5,282,263,19,7,"entre 7 y 14 dias","entre 7 y 14 dias"
"662",662,2,643,113,530,13,"menor a 7 dias","mayor a 14 dias"
"663",663,3,219,74,146,10,"menor a 7 dias","entre 7 y 14 dias"
"664",664,5,158,218,60,15,"entre 7 y 14 dias","menor a 7 dias"
"665",665,2,203,194,9,4,"entre 7 y 14 dias","entre 7 y 14 dias"
"666",666,4,345,52,293,4,"menor a 7 dias","mayor a 14 dias"
"667",667,3,392,904,512,16,"mayor a 14 dias","mayor a 14 dias"
"668",668,2,173,1282,1109,10,"mayor a 14 dias","entre 7 y 14 dias"
"669",669,3,328,97,230,4,"menor a 7 dias","entre 7 y 14 dias"
"670",670,2,214,360,146,10,"mayor a 14 dias","entre 7 y 14 dias"
"671",671,4,334,161,173,10,"menor a 7 dias","entre 7 y 14 dias"
"672",672,2,426,573,147,13,"mayor a 14 dias","mayor a 14 dias"
"673",673,1,161,329,168,9,"entre 7 y 14 dias","menor a 7 dias"
"674",674,4,189,61,127,10,"menor a 7 dias","entre 7 y 14 dias"
"675",675,5,102,114,12,10,"menor a 7 dias","menor a 7 dias"
"676",676,6,205,1256,1051,10,"mayor a 14 dias","entre 7 y 14 dias"
"677",677,2,532,438,94,16,"mayor a 14 dias","mayor a 14 dias"
"678",678,6,537,112,425,8,"menor a 7 dias","mayor a 14 dias"
"679",679,1,448,64,384,16,"menor a 7 dias","mayor a 14 dias"
"680",680,3,134,218,84,7,"entre 7 y 14 dias","menor a 7 dias"
"681",681,3,234,23,210,6,"menor a 7 dias","entre 7 y 14 dias"
"682",682,3,50,426,376,4,"mayor a 14 dias","menor a 7 dias"
"683",683,1,150,123,27,10,"menor a 7 dias","menor a 7 dias"
"684",684,5,148,574,426,12,"mayor a 14 dias","menor a 7 dias"
"685",685,4,840,9,831,4,"menor a 7 dias","mayor a 14 dias"
"686",686,2,110,826,716,8,"mayor a 14 dias","menor a 7 dias"
"687",687,3,1078,93,986,7,"menor a 7 dias","mayor a 14 dias"
"688",688,3,67,106,39,15,"menor a 7 dias","menor a 7 dias"
"689",689,6,459,77,382,5,"menor a 7 dias","mayor a 14 dias"
"690",690,5,524,73,451,16,"menor a 7 dias","mayor a 14 dias"
"691",691,1,684,608,77,16,"mayor a 14 dias","mayor a 14 dias"
"692",692,2,37,30,7,7,"menor a 7 dias","menor a 7 dias"
"693",693,2,470,141,330,8,"menor a 7 dias","mayor a 14 dias"
"694",694,2,42,296,254,5,"entre 7 y 14 dias","menor a 7 dias"
"695",695,4,585,23,562,16,"menor a 7 dias","mayor a 14 dias"
"696",696,6,255,284,29,8,"entre 7 y 14 dias","entre 7 y 14 dias"
"697",697,2,394,1,394,3,"menor a 7 dias","mayor a 14 dias"
"698",698,2,306,400,94,6,"mayor a 14 dias","entre 7 y 14 dias"
"699",699,3,219,382,163,6,"mayor a 14 dias","entre 7 y 14 dias"
"700",700,2,305,200,105,6,"entre 7 y 14 dias","entre 7 y 14 dias"
"701",701,1,379,40,339,10,"menor a 7 dias","mayor a 14 dias"
"702",702,5,398,100,298,4,"menor a 7 dias","mayor a 14 dias"
"703",703,5,487,159,328,14,"menor a 7 dias","mayor a 14 dias"
"704",704,1,226,2,224,10,"menor a 7 dias","entre 7 y 14 dias"
"705",705,1,308,651,343,16,"mayor a 14 dias","entre 7 y 14 dias"
"706",706,1,391,340,50,13,"mayor a 14 dias","mayor a 14 dias"
"707",707,1,284,68,216,4,"menor a 7 dias","entre 7 y 14 dias"
"708",708,5,852,88,764,3,"menor a 7 dias","mayor a 14 dias"
"709",709,1,290,485,195,10,"mayor a 14 dias","entre 7 y 14 dias"
"710",710,3,180,466,286,16,"mayor a 14 dias","entre 7 y 14 dias"
"711",711,6,254,100,154,10,"menor a 7 dias","entre 7 y 14 dias"
"712",712,3,173,143,30,15,"menor a 7 dias","entre 7 y 14 dias"
"713",713,2,393,38,355,12,"menor a 7 dias","mayor a 14 dias"
"714",714,2,255,82,173,4,"menor a 7 dias","entre 7 y 14 dias"
"715",715,5,165,84,81,7,"menor a 7 dias","menor a 7 dias"
"716",716,4,325,7,318,8,"menor a 7 dias","entre 7 y 14 dias"
"717",717,5,187,9,177,16,"menor a 7 dias","entre 7 y 14 dias"
"718",718,4,205,75,131,10,"menor a 7 dias","entre 7 y 14 dias"
"719",719,4,66,664,598,4,"mayor a 14 dias","menor a 7 dias"
"720",720,3,142,495,352,8,"mayor a 14 dias","menor a 7 dias"
"721",721,5,274,281,8,15,"entre 7 y 14 dias","entre 7 y 14 dias"
"722",722,1,285,423,138,10,"mayor a 14 dias","entre 7 y 14 dias"
"723",723,1,165,176,11,8,"entre 7 y 14 dias","menor a 7 dias"
"724",724,6,195,1,194,4,"menor a 7 dias","entre 7 y 14 dias"
"725",725,2,128,445,317,10,"mayor a 14 dias","menor a 7 dias"
"726",726,3,255,896,641,10,"mayor a 14 dias","entre 7 y 14 dias"
"727",727,3,201,370,169,8,"mayor a 14 dias","entre 7 y 14 dias"
"728",728,2,196,236,40,10,"entre 7 y 14 dias","entre 7 y 14 dias"
"729",729,3,388,11,377,6,"menor a 7 dias","mayor a 14 dias"
"730",730,2,346,225,121,6,"entre 7 y 14 dias","mayor a 14 dias"
"731",731,2,279,313,34,6,"entre 7 y 14 dias","entre 7 y 14 dias"
"732",732,2,182,195,13,4,"entre 7 y 14 dias","entre 7 y 14 dias"
"733",733,5,218,156,62,7,"menor a 7 dias","entre 7 y 14 dias"
"734",734,6,300,102,198,4,"menor a 7 dias","entre 7 y 14 dias"
"735",735,3,317,1,316,1,"menor a 7 dias","entre 7 y 14 dias"
"736",736,3,273,317,43,3,"entre 7 y 14 dias","entre 7 y 14 dias"
"737",737,1,145,33,112,6,"menor a 7 dias","menor a 7 dias"
"738",738,4,580,304,276,10,"entre 7 y 14 dias","mayor a 14 dias"
"739",739,3,286,217,69,15,"entre 7 y 14 dias","entre 7 y 14 dias"
"740",740,1,569,126,443,6,"menor a 7 dias","mayor a 14 dias"
"741",741,6,482,174,308,8,"entre 7 y 14 dias","mayor a 14 dias"
"742",742,2,110,253,143,4,"entre 7 y 14 dias","menor a 7 dias"
"743",743,3,135,401,267,4,"mayor a 14 dias","menor a 7 dias"
"744",744,1,521,345,176,16,"mayor a 14 dias","mayor a 14 dias"
"745",745,6,391,183,208,7,"entre 7 y 14 dias","mayor a 14 dias"
"746",746,3,131,96,36,12,"menor a 7 dias","menor a 7 dias"
"747",747,6,171,190,19,16,"entre 7 y 14 dias","entre 7 y 14 dias"
"748",748,4,603,163,440,6,"menor a 7 dias","mayor a 14 dias"
"749",749,3,458,10,448,10,"menor a 7 dias","mayor a 14 dias"
"750",750,1,244,39,206,4,"menor a 7 dias","entre 7 y 14 dias"
"751",751,4,140,98,42,7,"menor a 7 dias","menor a 7 dias"
"752",752,3,526,257,269,8,"entre 7 y 14 dias","mayor a 14 dias"
"753",753,5,160,47,113,16,"menor a 7 dias","menor a 7 dias"
"754",754,3,170,29,141,9,"menor a 7 dias","entre 7 y 14 dias"
"755",755,2,271,123,148,10,"menor a 7 dias","entre 7 y 14 dias"
"756",756,5,186,251,65,10,"entre 7 y 14 dias","entre 7 y 14 dias"
"757",757,2,270,93,177,10,"menor a 7 dias","entre 7 y 14 dias"
"758",758,1,411,488,77,7,"mayor a 14 dias","mayor a 14 dias"
"759",759,5,256,315,59,4,"entre 7 y 14 dias","entre 7 y 14 dias"
"760",760,2,70,197,127,4,"entre 7 y 14 dias","menor a 7 dias"
"761",761,1,251,266,16,14,"entre 7 y 14 dias","entre 7 y 14 dias"
"762",762,2,311,14,297,9,"menor a 7 dias","entre 7 y 14 dias"
"763",763,3,359,4,356,3,"menor a 7 dias","mayor a 14 dias"
"764",764,1,186,270,83,16,"entre 7 y 14 dias","entre 7 y 14 dias"
"765",765,2,182,174,8,1,"entre 7 y 14 dias","entre 7 y 14 dias"
"766",766,5,244,338,95,5,"mayor a 14 dias","entre 7 y 14 dias"
"767",767,3,372,65,307,15,"menor a 7 dias","mayor a 14 dias"
"768",768,3,36,411,376,16,"mayor a 14 dias","menor a 7 dias"
"769",769,6,115,218,104,7,"entre 7 y 14 dias","menor a 7 dias"
"770",770,4,188,195,7,5,"entre 7 y 14 dias","entre 7 y 14 dias"
"771",771,4,432,340,93,4,"mayor a 14 dias","mayor a 14 dias"
"772",772,3,182,90,92,10,"menor a 7 dias","entre 7 y 14 dias"
"773",773,4,706,29,677,5,"menor a 7 dias","mayor a 14 dias"
"774",774,4,119,611,492,10,"mayor a 14 dias","menor a 7 dias"
"775",775,4,422,146,276,5,"menor a 7 dias","mayor a 14 dias"
"776",776,1,243,77,167,8,"menor a 7 dias","entre 7 y 14 dias"
"777",777,4,248,326,77,10,"entre 7 y 14 dias","entre 7 y 14 dias"
"778",778,2,163,35,128,8,"menor a 7 dias","menor a 7 dias"
"779",779,2,255,138,117,4,"menor a 7 dias","entre 7 y 14 dias"
"780",780,2,190,213,23,14,"entre 7 y 14 dias","entre 7 y 14 dias"
"781",781,3,547,270,277,16,"entre 7 y 14 dias","mayor a 14 dias"
"782",782,2,172,312,140,11,"entre 7 y 14 dias","entre 7 y 14 dias"
"783",783,2,271,246,24,7,"entre 7 y 14 dias","entre 7 y 14 dias"
"784",784,2,350,383,33,10,"mayor a 14 dias","mayor a 14 dias"
"785",785,1,130,656,525,8,"mayor a 14 dias","menor a 7 dias"
"786",786,3,228,548,320,4,"mayor a 14 dias","entre 7 y 14 dias"
"787",787,4,541,489,52,16,"mayor a 14 dias","mayor a 14 dias"
"788",788,1,312,553,241,6,"mayor a 14 dias","entre 7 y 14 dias"
"789",789,2,252,63,189,6,"menor a 7 dias","entre 7 y 14 dias"
"790",790,3,271,176,95,4,"entre 7 y 14 dias","entre 7 y 14 dias"
"791",791,1,289,32,257,9,"menor a 7 dias","entre 7 y 14 dias"
"792",792,5,269,148,121,6,"menor a 7 dias","entre 7 y 14 dias"
"793",793,1,427,161,265,4,"menor a 7 dias","mayor a 14 dias"
"794",794,3,257,128,129,4,"menor a 7 dias","entre 7 y 14 dias"
"795",795,3,267,21,246,16,"menor a 7 dias","entre 7 y 14 dias"
"796",796,2,162,177,15,5,"entre 7 y 14 dias","menor a 7 dias"
"797",797,1,246,134,112,9,"menor a 7 dias","entre 7 y 14 dias"
"798",798,2,112,135,23,8,"menor a 7 dias","menor a 7 dias"
"799",799,1,593,2,591,11,"menor a 7 dias","mayor a 14 dias"
"800",800,2,750,539,212,11,"mayor a 14 dias","mayor a 14 dias"
"801",801,1,164,954,790,2,"mayor a 14 dias","menor a 7 dias"
"802",802,3,229,159,70,16,"menor a 7 dias","entre 7 y 14 dias"
"803",803,1,264,508,243,6,"mayor a 14 dias","entre 7 y 14 dias"
"804",804,1,167,13,154,15,"menor a 7 dias","menor a 7 dias"
"805",805,2,92,1,91,5,"menor a 7 dias","menor a 7 dias"
"806",806,3,184,315,131,15,"entre 7 y 14 dias","entre 7 y 14 dias"
"807",807,6,707,163,543,7,"menor a 7 dias","mayor a 14 dias"
"808",808,3,140,56,84,10,"menor a 7 dias","menor a 7 dias"
"809",809,6,117,256,139,6,"entre 7 y 14 dias","menor a 7 dias"
"810",810,2,207,72,136,9,"menor a 7 dias","entre 7 y 14 dias"
"811",811,3,395,214,181,7,"entre 7 y 14 dias","mayor a 14 dias"
"812",812,3,321,354,33,4,"mayor a 14 dias","entre 7 y 14 dias"
"813",813,2,494,50,444,9,"menor a 7 dias","mayor a 14 dias"
"814",814,2,48,253,205,12,"entre 7 y 14 dias","menor a 7 dias"
"815",815,2,207,87,120,16,"menor a 7 dias","entre 7 y 14 dias"
"816",816,2,484,104,379,16,"menor a 7 dias","mayor a 14 dias"
"817",817,2,158,153,5,5,"menor a 7 dias","menor a 7 dias"
"818",818,2,418,41,377,1,"menor a 7 dias","mayor a 14 dias"
"819",819,1,206,115,90,3,"menor a 7 dias","entre 7 y 14 dias"
"820",820,4,313,430,117,6,"mayor a 14 dias","entre 7 y 14 dias"
"821",821,2,291,439,148,3,"mayor a 14 dias","entre 7 y 14 dias"
"822",822,1,507,490,16,4,"mayor a 14 dias","mayor a 14 dias"
"823",823,1,158,217,59,6,"entre 7 y 14 dias","menor a 7 dias"
"824",824,2,240,290,50,8,"entre 7 y 14 dias","entre 7 y 14 dias"
"825",825,1,159,547,388,7,"mayor a 14 dias","menor a 7 dias"
"826",826,2,113,214,100,6,"entre 7 y 14 dias","menor a 7 dias"
"827",827,5,35,229,195,10,"entre 7 y 14 dias","menor a 7 dias"
"828",828,4,465,53,413,15,"menor a 7 dias","mayor a 14 dias"
"829",829,4,296,504,208,9,"mayor a 14 dias","entre 7 y 14 dias"
"830",830,1,560,14,546,3,"menor a 7 dias","mayor a 14 dias"
"831",831,5,82,732,651,8,"mayor a 14 dias","menor a 7 dias"
"832",832,1,259,61,197,7,"menor a 7 dias","entre 7 y 14 dias"
"833",833,3,556,377,180,11,"mayor a 14 dias","mayor a 14 dias"
"834",834,5,327,70,257,7,"menor a 7 dias","entre 7 y 14 dias"
"835",835,2,312,565,253,1,"mayor a 14 dias","entre 7 y 14 dias"
"836",836,6,506,165,341,1,"menor a 7 dias","mayor a 14 dias"
"837",837,6,84,572,488,9,"mayor a 14 dias","menor a 7 dias"
"838",838,2,674,420,254,10,"mayor a 14 dias","mayor a 14 dias"
"839",839,2,370,167,203,2,"menor a 7 dias","mayor a 14 dias"
"840",840,3,175,939,764,10,"mayor a 14 dias","entre 7 y 14 dias"
"841",841,3,197,174,23,13,"entre 7 y 14 dias","entre 7 y 14 dias"
"842",842,2,683,127,556,14,"menor a 7 dias","mayor a 14 dias"
"843",843,3,176,154,22,4,"menor a 7 dias","entre 7 y 14 dias"
"844",844,1,532,70,463,8,"menor a 7 dias","mayor a 14 dias"
"845",845,3,286,46,241,16,"menor a 7 dias","entre 7 y 14 dias"
"846",846,1,33,122,90,7,"menor a 7 dias","menor a 7 dias"
"847",847,1,421,69,352,6,"menor a 7 dias","mayor a 14 dias"
"848",848,2,294,28,265,1,"menor a 7 dias","entre 7 y 14 dias"
"849",849,6,444,184,260,3,"entre 7 y 14 dias","mayor a 14 dias"
"850",850,3,123,70,53,7,"menor a 7 dias","menor a 7 dias"
"851",851,3,72,55,17,4,"menor a 7 dias","menor a 7 dias"
"852",852,3,374,134,239,13,"menor a 7 dias","mayor a 14 dias"
"853",853,1,83,48,35,8,"menor a 7 dias","menor a 7 dias"
"854",854,2,301,782,481,4,"mayor a 14 dias","entre 7 y 14 dias"
"855",855,4,228,168,60,5,"entre 7 y 14 dias","entre 7 y 14 dias"
"856",856,2,568,553,15,4,"mayor a 14 dias","mayor a 14 dias"
"857",857,1,284,63,222,4,"menor a 7 dias","entre 7 y 14 dias"
"858",858,6,446,159,287,4,"menor a 7 dias","mayor a 14 dias"
"859",859,2,343,32,311,10,"menor a 7 dias","mayor a 14 dias"
"860",860,2,450,240,210,9,"entre 7 y 14 dias","mayor a 14 dias"
"861",861,6,139,326,187,13,"entre 7 y 14 dias","menor a 7 dias"
"862",862,1,139,1182,1043,16,"mayor a 14 dias","menor a 7 dias"
"863",863,3,165,261,96,8,"entre 7 y 14 dias","menor a 7 dias"
"864",864,1,252,135,117,4,"menor a 7 dias","entre 7 y 14 dias"
"865",865,5,409,241,168,5,"entre 7 y 14 dias","mayor a 14 dias"
"866",866,1,221,126,95,3,"menor a 7 dias","entre 7 y 14 dias"
"867",867,1,363,354,9,2,"mayor a 14 dias","mayor a 14 dias"
"868",868,4,301,85,216,6,"menor a 7 dias","entre 7 y 14 dias"
"869",869,5,174,616,442,4,"mayor a 14 dias","entre 7 y 14 dias"
"870",870,1,283,128,155,1,"menor a 7 dias","entre 7 y 14 dias"
"871",871,2,482,331,152,14,"entre 7 y 14 dias","mayor a 14 dias"
"872",872,1,160,315,155,4,"entre 7 y 14 dias","menor a 7 dias"
"873",873,2,359,162,197,10,"menor a 7 dias","mayor a 14 dias"
"874",874,5,110,395,286,4,"mayor a 14 dias","menor a 7 dias"
"875",875,3,300,187,113,9,"entre 7 y 14 dias","entre 7 y 14 dias"
"876",876,3,315,61,254,4,"menor a 7 dias","entre 7 y 14 dias"
"877",877,5,213,227,13,10,"entre 7 y 14 dias","entre 7 y 14 dias"
"878",878,4,393,42,351,10,"menor a 7 dias","mayor a 14 dias"
"879",879,1,267,70,197,16,"menor a 7 dias","entre 7 y 14 dias"
"880",880,6,219,20,199,8,"menor a 7 dias","entre 7 y 14 dias"
"881",881,2,151,160,9,3,"menor a 7 dias","menor a 7 dias"
"882",882,3,158,485,327,8,"mayor a 14 dias","menor a 7 dias"
"883",883,5,578,404,174,10,"mayor a 14 dias","mayor a 14 dias"
"884",884,2,385,76,309,3,"menor a 7 dias","mayor a 14 dias"
"885",885,3,389,729,340,11,"mayor a 14 dias","mayor a 14 dias"
"886",886,4,179,191,12,14,"entre 7 y 14 dias","entre 7 y 14 dias"
"887",887,5,249,233,16,4,"entre 7 y 14 dias","entre 7 y 14 dias"
"888",888,2,196,705,509,8,"mayor a 14 dias","entre 7 y 14 dias"
"889",889,4,314,219,95,10,"entre 7 y 14 dias","entre 7 y 14 dias"
"890",890,1,107,58,49,16,"menor a 7 dias","menor a 7 dias"
"891",891,3,337,52,285,6,"menor a 7 dias","mayor a 14 dias"
"892",892,2,97,198,101,8,"entre 7 y 14 dias","menor a 7 dias"
"893",893,2,466,36,431,6,"menor a 7 dias","mayor a 14 dias"
"894",894,3,347,464,116,9,"mayor a 14 dias","mayor a 14 dias"
"895",895,5,160,65,95,8,"menor a 7 dias","menor a 7 dias"
"896",896,2,265,62,203,16,"menor a 7 dias","entre 7 y 14 dias"
"897",897,2,218,134,84,10,"menor a 7 dias","entre 7 y 14 dias"
"898",898,3,236,95,141,5,"menor a 7 dias","entre 7 y 14 dias"
"899",899,1,356,126,230,6,"menor a 7 dias","mayor a 14 dias"
"900",900,1,105,883,778,7,"mayor a 14 dias","menor a 7 dias"
"901",901,2,257,730,474,7,"mayor a 14 dias","entre 7 y 14 dias"
"902",902,6,152,149,3,16,"menor a 7 dias","menor a 7 dias"
"903",903,1,78,209,131,16,"entre 7 y 14 dias","menor a 7 dias"
"904",904,3,328,200,128,11,"entre 7 y 14 dias","entre 7 y 14 dias"
"905",905,1,284,383,99,16,"mayor a 14 dias","entre 7 y 14 dias"
"906",906,3,286,42,244,16,"menor a 7 dias","entre 7 y 14 dias"
"907",907,2,146,201,56,4,"entre 7 y 14 dias","menor a 7 dias"
"908",908,3,604,84,519,8,"menor a 7 dias","mayor a 14 dias"
"909",909,3,326,88,238,4,"menor a 7 dias","entre 7 y 14 dias"
"910",910,2,56,116,60,16,"menor a 7 dias","menor a 7 dias"
"911",911,4,189,100,89,2,"menor a 7 dias","entre 7 y 14 dias"
"912",912,5,36,45,9,12,"menor a 7 dias","menor a 7 dias"
"913",913,1,388,533,146,4,"mayor a 14 dias","mayor a 14 dias"
"914",914,1,105,312,207,10,"entre 7 y 14 dias","menor a 7 dias"
"915",915,2,173,292,118,10,"entre 7 y 14 dias","entre 7 y 14 dias"
"916",916,1,368,32,336,1,"menor a 7 dias","mayor a 14 dias"
"917",917,4,394,14,380,16,"menor a 7 dias","mayor a 14 dias"
"918",918,6,351,609,258,4,"mayor a 14 dias","mayor a 14 dias"
"919",919,6,346,367,21,16,"mayor a 14 dias","mayor a 14 dias"
"920",920,4,157,528,371,9,"mayor a 14 dias","menor a 7 dias"
"921",921,2,197,325,128,4,"entre 7 y 14 dias","entre 7 y 14 dias"
"922",922,3,105,755,649,10,"mayor a 14 dias","menor a 7 dias"
"923",923,2,273,28,245,8,"menor a 7 dias","entre 7 y 14 dias"
"924",924,2,290,83,207,6,"menor a 7 dias","entre 7 y 14 dias"
"925",925,2,241,609,368,16,"mayor a 14 dias","entre 7 y 14 dias"
"926",926,2,361,87,274,13,"menor a 7 dias","mayor a 14 dias"
"927",927,6,197,731,534,1,"mayor a 14 dias","entre 7 y 14 dias"
"928",928,2,95,505,410,16,"mayor a 14 dias","menor a 7 dias"
"929",929,1,122,426,304,1,"mayor a 14 dias","menor a 7 dias"
"930",930,6,534,764,231,16,"mayor a 14 dias","mayor a 14 dias"
"931",931,1,294,326,33,1,"entre 7 y 14 dias","entre 7 y 14 dias"
"932",932,1,93,85,8,4,"menor a 7 dias","menor a 7 dias"
"933",933,3,247,135,113,8,"menor a 7 dias","entre 7 y 14 dias"
"934",934,2,346,259,88,14,"entre 7 y 14 dias","mayor a 14 dias"
"935",935,3,284,115,168,16,"menor a 7 dias","entre 7 y 14 dias"
"936",936,2,23,661,638,16,"mayor a 14 dias","menor a 7 dias"
"937",937,2,460,204,255,16,"entre 7 y 14 dias","mayor a 14 dias"
"938",938,3,399,190,209,4,"entre 7 y 14 dias","mayor a 14 dias"
"939",939,5,295,216,79,8,"entre 7 y 14 dias","entre 7 y 14 dias"
"940",940,2,221,173,48,8,"entre 7 y 14 dias","entre 7 y 14 dias"
"941",941,2,527,6,521,10,"menor a 7 dias","mayor a 14 dias"
"942",942,2,132,300,168,5,"entre 7 y 14 dias","menor a 7 dias"
"943",943,1,217,586,369,6,"mayor a 14 dias","entre 7 y 14 dias"
"944",944,1,88,200,113,7,"entre 7 y 14 dias","menor a 7 dias"
"945",945,2,314,142,172,8,"menor a 7 dias","entre 7 y 14 dias"
"946",946,2,164,181,17,15,"entre 7 y 14 dias","menor a 7 dias"
"947",947,6,262,89,173,3,"menor a 7 dias","entre 7 y 14 dias"
"948",948,2,407,983,576,8,"mayor a 14 dias","mayor a 14 dias"
"949",949,1,309,98,211,7,"menor a 7 dias","entre 7 y 14 dias"
"950",950,2,589,398,191,16,"mayor a 14 dias","mayor a 14 dias"
"951",951,5,130,147,18,16,"menor a 7 dias","menor a 7 dias"
"952",952,2,177,272,95,5,"entre 7 y 14 dias","entre 7 y 14 dias"
"953",953,2,380,355,25,4,"mayor a 14 dias","mayor a 14 dias"
"954",954,5,408,1266,857,4,"mayor a 14 dias","mayor a 14 dias"
"955",955,1,319,79,240,5,"menor a 7 dias","entre 7 y 14 dias"
"956",956,5,201,233,32,12,"entre 7 y 14 dias","entre 7 y 14 dias"
"957",957,1,103,43,60,9,"menor a 7 dias","menor a 7 dias"
"958",958,2,316,425,110,7,"mayor a 14 dias","entre 7 y 14 dias"
"959",959,5,281,222,59,5,"entre 7 y 14 dias","entre 7 y 14 dias"
"960",960,2,301,459,157,9,"mayor a 14 dias","entre 7 y 14 dias"
"961",961,2,295,212,83,10,"entre 7 y 14 dias","entre 7 y 14 dias"
"962",962,3,925,262,663,6,"entre 7 y 14 dias","mayor a 14 dias"
"963",963,5,119,1598,1479,8,"mayor a 14 dias","menor a 7 dias"
"964",964,2,129,538,409,15,"mayor a 14 dias","menor a 7 dias"
"965",965,5,517,26,492,10,"menor a 7 dias","mayor a 14 dias"
"966",966,1,11,164,153,15,"menor a 7 dias","menor a 7 dias"
"967",967,6,212,74,138,15,"menor a 7 dias","entre 7 y 14 dias"
"968",968,4,239,66,174,4,"menor a 7 dias","entre 7 y 14 dias"
"969",969,3,282,38,244,10,"menor a 7 dias","entre 7 y 14 dias"
"970",970,3,167,157,10,11,"menor a 7 dias","menor a 7 dias"
"971",971,5,219,80,139,8,"menor a 7 dias","entre 7 y 14 dias"
"972",972,2,140,20,120,10,"menor a 7 dias","menor a 7 dias"
"973",973,3,551,234,316,16,"entre 7 y 14 dias","mayor a 14 dias"
"974",974,3,329,103,227,7,"menor a 7 dias","entre 7 y 14 dias"
"975",975,1,127,87,40,7,"menor a 7 dias","menor a 7 dias"
"976",976,1,342,349,6,15,"mayor a 14 dias","mayor a 14 dias"
"977",977,1,281,265,16,7,"entre 7 y 14 dias","entre 7 y 14 dias"
"978",978,6,183,90,93,4,"menor a 7 dias","entre 7 y 14 dias"
"979",979,3,78,0,77,6,"menor a 7 dias","menor a 7 dias"
"980",980,2,51,146,94,6,"menor a 7 dias","menor a 7 dias"
"981",981,2,397,955,558,6,"mayor a 14 dias","mayor a 14 dias"
"982",982,5,693,374,319,4,"mayor a 14 dias","mayor a 14 dias"
"983",983,3,412,920,508,6,"mayor a 14 dias","mayor a 14 dias"
"984",984,1,118,75,42,8,"menor a 7 dias","menor a 7 dias"
"985",985,5,335,168,167,10,"entre 7 y 14 dias","entre 7 y 14 dias"
"986",986,3,511,133,379,8,"menor a 7 dias","mayor a 14 dias"
"987",987,2,263,181,82,6,"entre 7 y 14 dias","entre 7 y 14 dias"
"988",988,2,238,229,8,7,"entre 7 y 14 dias","entre 7 y 14 dias"
"989",989,2,103,283,179,8,"entre 7 y 14 dias","menor a 7 dias"
"990",990,4,354,139,214,6,"menor a 7 dias","mayor a 14 dias"
"991",991,3,390,99,292,4,"menor a 7 dias","mayor a 14 dias"
"992",992,6,144,8,136,5,"menor a 7 dias","menor a 7 dias"
"993",993,1,42,409,367,10,"mayor a 14 dias","menor a 7 dias"
"994",994,2,197,158,39,1,"menor a 7 dias","entre 7 y 14 dias"
"995",995,1,146,28,118,11,"menor a 7 dias","menor a 7 dias"
"996",996,6,136,155,19,15,"menor a 7 dias","menor a 7 dias"
"997",997,1,409,380,29,1,"mayor a 14 dias","mayor a 14 dias"
"998",998,2,109,516,407,7,"mayor a 14 dias","menor a 7 dias"
"999",999,2,286,473,187,15,"mayor a 14 dias","entre 7 y 14 dias"
"1000",1000,2,331,204,127,6,"entre 7 y 14 dias","entre 7 y 14 dias"
